{"schema":6,"addons":[{"id":"ciscowebexstart1@cisco.com","icons":{"32":"https://addons.cdn.mozilla.net/user-media/addon_icons/735/735601-32.png?modified=5dd6f113","64":"https://addons.cdn.mozilla.net/user-media/addon_icons/735/735601-64.png?modified=5dd6f113","128":"https://addons.cdn.mozilla.net/user-media/addon_icons/735/735601-128.png?modified=5dd6f113"},"name":"Cisco Webex Extension","version":"1.8.0","sourceURI":"https://addons.mozilla.org/firefox/downloads/file/3583033/cisco_webex_extension-1.8.0-fx.xpi?src=","homepageURL":"http://webex.com/","supportURL":"http://webex.com/","description":"Join Webex meetings using Firefox ™","fullDescription":"Cisco Webex web and video conferencing is an easy, cost-effective way to exchange ideas and information online with anyone, anywhere on any mobile device or video system. Accelerate decision-making, keep projects on track, and collaborate in real time with integrated audio, video, and content sharing, all in one meeting. Enhance engagement with a lifelike video experience, which rapidly builds relationships and trust, just like you would in person. Make connecting simple for smoother meetings so users can invite others to easily join with their own video system. From the proven industry leader in web and video conferencing, rely on secure, scalable Webex meetings from the global Cisco Collaboration Cloud.","weeklyDownloads":58786,"type":"extension","creator":{"name":"Cisco WebEx","url":"https://addons.mozilla.org/en-US/firefox/user/12550805/"},"developers":[],"screenshots":[{"url":"https://addons.cdn.mozilla.net/user-media/previews/full/239/239050.png?modified=1591065182","width":1280,"height":800,"thumbnailURL":"https://addons.cdn.mozilla.net/user-media/previews/thumbs/239/239050.png?modified=1591065182","thumbnailWidth":640,"thumbnailHeight":400},{"url":"https://addons.cdn.mozilla.net/user-media/previews/full/239/239051.png?modified=1591065182","width":1280,"height":800,"thumbnailURL":"https://addons.cdn.mozilla.net/user-media/previews/thumbs/239/239051.png?modified=1591065182","thumbnailWidth":640,"thumbnailHeight":400}],"contributionURL":"","averageRating":2.814,"reviewCount":125,"reviewURL":"https://addons.mozilla.org/en-US/firefox/addon/cisco-webex-extension/reviews/","updateDate":1591064712000}]}