{"defaultHandlersVersion":{"en-US":4},"mimeTypes":{"application/pdf":{"action":3,"extensions":["pdf"]},"application/vnd.openxmlformats-officedocument.wordprocessingml.document":{"action":0,"ask":true,"extensions":["docx"]},"application/x-sql":{"action":0,"ask":true,"extensions":["sql"]},"application/vnd.openxmlformats-officedocument.spreadsheetml.sheet":{"action":0,"ask":true,"extensions":["xlsx"]},"text/calendar":{"action":4,"ask":true,"extensions":["ics"]},"application/vnd.hp-hpid":{"action":2,"ask":true,"handlers":[{"name":"notepad++.exe","path":"C:\\Program Files\\Notepad++\\notepad++.exe"}],"extensions":["hpi"]},"application/xsd":{"action":4,"ask":true,"extensions":["xsd"]},"text/x-python":{"action":0,"ask":true,"extensions":["py"]},"application/vnd.oasis.opendocument.text":{"action":0,"ask":true,"extensions":["odt"]},"application/force-download":{"action":0,"ask":true,"extensions":["eml"]}},"schemes":{"ircs":{"action":2,"ask":true,"handlers":[null,{"name":"Mibbit","uriTemplate":"https://www.mibbit.com/?url=%s"}]},"mailto":{"action":4,"handlers":[null,{"name":"Yahoo! Mail","uriTemplate":"https://compose.mail.yahoo.com/?To=%s"},{"name":"Gmail","uriTemplate":"https://mail.google.com/mail/?extsrc=mailto&url=%s"}]},"irc":{"action":2,"ask":true,"handlers":[null,{"name":"Mibbit","uriTemplate":"https://www.mibbit.com/?url=%s"}]},"webcal":{"action":4,"ask":true},"tel":{"action":4,"ask":true},"microsoft-edge":{"action":2,"ask":true,"handlers":[{"name":"Update.exe","path":"C:\\Users\\reddyn1\\AppData\\Local\\Microsoft\\Teams\\Update.exe"}]},"msteams":{"action":4,"ask":true}}}