{"nextId":18,"logins":[{"id":1,"hostname":"https://ut-appevobrix.cns-inc.com:10010","httpRealm":null,"formSubmitURL":"https://ut-appevobrix.cns-inc.com:10010","usernameField":"j_username","passwordField":"j_password","encryptedUsername":"MDIEEPgAAAAAAAAAAAAAAAAAAAEwFAYIKoZIhvcNAwcECO3JxjgwDcDNBAgjQT9LVjFuuw==","encryptedPassword":"MDoEEPgAAAAAAAAAAAAAAAAAAAEwFAYIKoZIhvcNAwcECNkZv3cweAZ9BBDmKSttXgcNUnOqKM1x3VIS","guid":"{89b5db91-a3e4-4134-b580-14cb5125f451}","encType":1,"timeCreated":1585978266472,"timeLastUsed":1596031844756,"timePasswordChanged":1591280509536,"timesUsed":23},{"id":3,"hostname":"https://portals.cns-inc.com","httpRealm":null,"formSubmitURL":"https://portals.cns-inc.com","usernameField":"os_username","passwordField":"os_password","encryptedUsername":"MDIEEPgAAAAAAAAAAAAAAAAAAAEwFAYIKoZIhvcNAwcECPSGuHUFlZxBBAjo7lI+d1arKg==","encryptedPassword":"MEIEEPgAAAAAAAAAAAAAAAAAAAEwFAYIKoZIhvcNAwcECOy+CssUuBGXBBg1Fu+3qnVNVxUwa611qfif9nLdRlVY9Dg=","guid":"{6a62d2f5-6cdb-4ce9-a445-ddccd54ef41b}","encType":1,"timeCreated":1586925035186,"timeLastUsed":1597419291759,"timePasswordChanged":1586925035186,"timesUsed":12},{"id":5,"hostname":"https://ut-tappevobrix.cns-inc.com:10010","httpRealm":null,"formSubmitURL":"https://ut-tappevobrix.cns-inc.com:10010","usernameField":"j_username","passwordField":"j_password","encryptedUsername":"MDIEEPgAAAAAAAAAAAAAAAAAAAEwFAYIKoZIhvcNAwcECLpER/lYfeW7BAg0YATB/KvPjw==","encryptedPassword":"MDoEEPgAAAAAAAAAAAAAAAAAAAEwFAYIKoZIhvcNAwcECGI0VI7X+Ar/BBA7+kxPbWj40Ay9nGoftulz","guid":"{7f81b6c8-0748-4758-aaf6-d19e5e71d5b7}","encType":1,"timeCreated":1587444763694,"timeLastUsed":1592823772784,"timePasswordChanged":1587444763694,"timesUsed":2},{"id":8,"hostname":"https://sts.cns-inc.com","httpRealm":null,"formSubmitURL":"https://sts.cns-inc.com","usernameField":"ctl00$ContentPlaceHolder1$UsernameTextBox","passwordField":"ctl00$ContentPlaceHolder1$PasswordTextBox","encryptedUsername":"MDIEEPgAAAAAAAAAAAAAAAAAAAEwFAYIKoZIhvcNAwcECInmBzSLx3haBAhfB8NQxvRteg==","encryptedPassword":"MDoEEPgAAAAAAAAAAAAAAAAAAAEwFAYIKoZIhvcNAwcECISXTqvOvEUwBBDuP9gS8iX3Wi+jdjTpi4PL","guid":"{71d8ff56-74d7-46da-9926-d096cea49bbf}","encType":1,"timeCreated":1588075247017,"timeLastUsed":1590909452910,"timePasswordChanged":1588075247017,"timesUsed":3},{"id":9,"hostname":"https://wa-appecams.cns-inc.com:12020","httpRealm":null,"formSubmitURL":"https://wa-appecams.cns-inc.com:12020","usernameField":"j_username","passwordField":"j_password","encryptedUsername":"MDIEEPgAAAAAAAAAAAAAAAAAAAEwFAYIKoZIhvcNAwcECE262P7i+DxwBAhrp3ljRUaDfA==","encryptedPassword":"MDoEEPgAAAAAAAAAAAAAAAAAAAEwFAYIKoZIhvcNAwcECIMRpjigd8enBBAL2y8zj0vJ8nuticWuCd6f","guid":"{a5f8d0ab-b550-4911-9075-79719f73b980}","encType":1,"timeCreated":1588937343737,"timeLastUsed":1588937343737,"timePasswordChanged":1588937343737,"timesUsed":1},{"id":13,"hostname":"https://us-east-1.signin.aws.amazon.com","httpRealm":null,"formSubmitURL":"https://us-east-1.signin.aws.amazon.com","usernameField":"username","passwordField":"password","encryptedUsername":"MEIEEPgAAAAAAAAAAAAAAAAAAAEwFAYIKoZIhvcNAwcECAkiDghgQWxqBBh+hbOHeBvtTd4cK+ohDjvDKM8fGnwVZKk=","encryptedPassword":"MDoEEPgAAAAAAAAAAAAAAAAAAAEwFAYIKoZIhvcNAwcECMEMAV2zSBQaBBCOdRIgQobdSVIO9U+j+p+0","guid":"{ad25438c-601d-49d9-98cb-541841bf1c7c}","encType":1,"timeCreated":1591681381263,"timeLastUsed":1596451376350,"timePasswordChanged":1591970215049,"timesUsed":4},{"id":15,"hostname":"http://registry-jfrog.cns-inc.com","httpRealm":null,"formSubmitURL":"http://registry-jfrog.cns-inc.com","usernameField":"username","passwordField":"password","encryptedUsername":"MDIEEPgAAAAAAAAAAAAAAAAAAAEwFAYIKoZIhvcNAwcECLMiFPAkcVj7BAgDjN2eMS9FWw==","encryptedPassword":"MDoEEPgAAAAAAAAAAAAAAAAAAAEwFAYIKoZIhvcNAwcECCdE00WBgGSwBBCgJbxsUHd/BTv9gOILdNpK","guid":"{9da9de45-04fd-4f4c-87c4-e5a39141e37d}","encType":1,"timeCreated":1594980948967,"timeLastUsed":1595339265429,"timePasswordChanged":1594980948967,"timesUsed":7},{"id":16,"hostname":"https://portal.medibuddy.in","httpRealm":null,"formSubmitURL":"https://portal.medibuddy.in","usernameField":"","passwordField":"","encryptedUsername":"MDIEEPgAAAAAAAAAAAAAAAAAAAEwFAYIKoZIhvcNAwcECElWfXj6s2DrBAhr3oetP4EStA==","encryptedPassword":"MDoEEPgAAAAAAAAAAAAAAAAAAAEwFAYIKoZIhvcNAwcECO9tF1IVm1juBBBEyVkVMCyyY8eFuSF0YR/C","guid":"{49358f82-c0bd-4fae-9628-e8f9d0ffd419}","encType":1,"timeCreated":1596014429531,"timeLastUsed":1596014545614,"timePasswordChanged":1596014429531,"timesUsed":2},{"id":17,"hostname":"http://172.29.17.220:8080","httpRealm":null,"formSubmitURL":"http://172.29.17.220:8080","usernameField":"j_username","passwordField":"j_password","encryptedUsername":"MDIEEPgAAAAAAAAAAAAAAAAAAAEwFAYIKoZIhvcNAwcECOKfyhExve6aBAhcoPwthvkxuw==","encryptedPassword":"MDoEEPgAAAAAAAAAAAAAAAAAAAEwFAYIKoZIhvcNAwcECLO9KbQNuCdgBBDEeEgpVaoM8goY+Mk1GWkD","guid":"{acd29024-174d-4897-8011-6a75542f9887}","encType":1,"timeCreated":1596614062831,"timeLastUsed":1597155706287,"timePasswordChanged":1596616150704,"timesUsed":9}],"potentiallyVulnerablePasswords":[],"dismissedBreachAlertsByLoginGUID":{},"version":3}