{"experiments":{"prefflip-messaging-effects-c1-1625847":{"slug":"prefflip-messaging-effects-c1-1625847","actionName":"SinglePreferenceExperimentAction","branch":"true","expired":true,"lastSeen":"2020-04-14T12:24:52.841Z","preferences":{"app.normandy.test.control1":{"preferenceBranchType":"default","preferenceType":"boolean","preferenceValue":true,"previousPreferenceValue":null}},"experimentType":"exp","userFacingName":null,"userFacingDescription":null,"enrollmentId":"d5510682-7b8e-4981-94c0-444615762b85"},"bug-1652836-pref-activity-stream-pocket-new-tab-india-new-tab-recs-release-78-80":{"slug":"bug-1652836-pref-activity-stream-pocket-new-tab-india-new-tab-recs-release-78-80","actionName":"PreferenceExperimentAction","branch":"india-variant","expired":true,"lastSeen":"2020-07-23T10:50:32.873Z","preferences":{"browser.newtabpage.activity-stream.discoverystream.region-layout-config":{"preferenceType":"string","preferenceValue":"US,CA,GB,IN","preferenceBranchType":"default","previousPreferenceValue":"US,CA,GB"},"browser.newtabpage.activity-stream.discoverystream.region-stories-config":{"preferenceType":"string","preferenceValue":"US,DE,CA,GB,IN","preferenceBranchType":"default","previousPreferenceValue":"US,DE,CA,GB"}},"experimentType":"exp","userFacingName":"activity-stream-pocket-new-tab-india-new-tab-recs-study","userFacingDescription":"Study to display New Tab recommendations to en-US users in India","enrollmentId":"06c76a80-f485-4679-8293-ba1ea0d07fa0","temporaryErrorDeadline":"2020-08-03T04:59:33.963Z"}}}