{"chrome://browser/content/browser.xul":{"main-window":{"screenX":"4","screenY":"4","width":"1245","height":"694","sizemode":"maximized"},"sidebar-box":{"sidebarcommand":"","width":""},"sidebar-title":{"value":""}},"chrome://browser/content/browser.xhtml":{"main-window":{"screenX":"0","screenY":"0","width":"981","height":"651","sizemode":"maximized"},"sidebar-box":{"sidebarcommand":"viewHistorySidebar","width":""},"sidebar-title":{"value":"History"}},"chrome://browser/content/places/places.xul":{"placesContentTags":{"ordinal":"3"},"placesContentUrl":{"ordinal":"5"},"placesContentDate":{"ordinal":"7"},"placesContentVisitCount":{"ordinal":"9"},"placesContentDateAdded":{"ordinal":"11"},"placesContentLastModified":{"ordinal":"13"},"places":{"screenX":"10","screenY":"10","width":"716","height":"539","sizemode":"normal"}},"chrome://mozapps/content/downloads/unknownContentType.xul":{"unknownContentType":{"screenX":"467","screenY":"196"}},"chrome://pippki/content/certManager.xul":{"certmanagertabs":{"selectedIndex":"3"},"certcol":{"ordinal":"1"},"tokencol":{"ordinal":"3"},"serialnumcol":{"ordinal":"5"},"issuedcol":{"ordinal":"7"},"expiredcol":{"ordinal":"7"},"sitecol":{"ordinal":"3"},"lifetimecol":{"ordinal":"5"}},"chrome://browser/content/places/places.xhtml":{"placesContentTags":{"ordinal":"3"},"placesContentUrl":{"ordinal":"5"},"placesContentDate":{"ordinal":"7","sortDirection":"descending"},"placesContentVisitCount":{"ordinal":"9"},"placesContentDateAdded":{"ordinal":"11"},"placesContentLastModified":{"ordinal":"13"},"places":{"screenX":"10","screenY":"10","width":"716","height":"539","sizemode":"maximized"}},"chrome://mozapps/content/downloads/unknownContentType.xhtml":{"unknownContentTypeWindow":{"screenX":"926","screenY":"108"}},"chrome://browser/content/pageinfo/pageInfo.xhtml":{"main-window":{"screenX":"10","screenY":"10","width":"616","height":"589","sizemode":"normal"}},"chrome://browser/content/places/historySidebar.xhtml":{"place:type=0&sort=1&beginTime=1598553000000000&endTime=1598639400000000":{"open":"true"}}}